A,copy of 'A' ,B,C,Sum,Diff,Div,'A' isEven,Prod
1,1,6,7,7,-5,0.16666666666666666,False,6
2,2,7,9,9,-5,0.2857142857142857,True,14
3,3,8,11,11,-5,0.375,False,24
4,4,9,13,13,-5,0.4444444444444444,True,36
5,5,0,5,5,5,inf,False,0
